Project Number,Title,About / Summary,Problem Statement,Objectives,Literature Review,System Architecture,Implementation Steps,Features / Expected Outcome,Testing / Results / Future Enhancements,Essential Docs / Notes
1,AI-Powered Smart Attendance System,":
This project is designed to address specific problems in computer science applications. It leverages modern
web technologies and AI to provide effective solutions. The system aims to automate tasks, improve
efficiency, and enhance user experience. Detailed modules are designed for scalability and maintainability,
ensuring the project can be adapted for various environments and requirements.",":
Traditional methods in this domain are often time-consuming, error-prone, or inefficient. There is a need for a
system that automates processes, provides real-time results, and reduces human intervention. The project aims
to fill this gap using advanced AI algorithms and web-based interfaces that are accessible and user-friendly.",":
1. Automate tasks in the relevant domain.
2. Improve accuracy and reduce errors.
3. Provide real-time reporting and monitoring.
4. Ensure accessibility via web-based platforms.
5. Implement scalable and maintainable system architecture.",":
Existing systems in this field include various manual and semi-automated methods, such as traditional web
applications, desktop-based solutions, and simple AI models. While effective to some extent, these approaches
lack full automation, real-time monitoring, or integration with modern AI techniques. This project builds upon
existing research, enhancing functionality and leveraging recent advancements in computer vision, NLP, and
deep learning.",":
The system comprises frontend, backend, database, and AI modules. The frontend is designed for user
interaction, built with HTML, CSS, and JavaScript. The backend handles data processing, API calls, and
integration with AI models, typically implemented using Python and Flask/Django. The database stores user
data, logs, and results. AI modules utilize frameworks such as TensorFlow, Keras, or PyTorch for machine
learning tasks.
[Placeholder for architecture diagram]","/ Workflow:
1. Collect and preprocess data.
2. Develop frontend user interface.
3. Implement backend logic and database connectivity.
4. Integrate AI models for prediction, recognition, or recommendation tasks.
5. Conduct testing and debugging.
6. Deploy system on server or cloud platform.
[Placeholder for workflow diagram]",":
- Real-time operation and response.
- User-friendly interface and dashboards.
- Accurate processing and automated reporting.
- Notifications and alerts.
- Scalable system architecture for future expansion.",":
The system undergoes unit, integration, and system testing to ensure reliability and accuracy. Future
enhancements may include mobile application integration, multi-language support, cloud deployment,
enhanced AI models, and additional modules for specific user needs.",":
- ER Diagrams
- Flowcharts
- Screenshots and mockups
- Sample reports
- AI model architecture diagrams"
2,Online Bookstore Web App,":
This project is designed to address specific problems in computer science applications. It leverages modern
web technologies and AI to provide effective solutions. The system aims to automate tasks, improve
efficiency, and enhance user experience. Detailed modules are designed for scalability and maintainability,
ensuring the project can be adapted for various environments and requirements.",":
Traditional methods in this domain are often time-consuming, error-prone, or inefficient. There is a need for a
system that automates processes, provides real-time results, and reduces human intervention. The project aims
to fill this gap using advanced AI algorithms and web-based interfaces that are accessible and user-friendly.",":
1. Automate tasks in the relevant domain.
2. Improve accuracy and reduce errors.
3. Provide real-time reporting and monitoring.
4. Ensure accessibility via web-based platforms.
5. Implement scalable and maintainable system architecture.",":
Existing systems in this field include various manual and semi-automated methods, such as traditional web
applications, desktop-based solutions, and simple AI models. While effective to some extent, these approaches
lack full automation, real-time monitoring, or integration with modern AI techniques. This project builds upon
existing research, enhancing functionality and leveraging recent advancements in computer vision, NLP, and
deep learning.",":
The system comprises frontend, backend, database, and AI modules. The frontend is designed for user
interaction, built with HTML, CSS, and JavaScript. The backend handles data processing, API calls, and
integration with AI models, typically implemented using Python and Flask/Django. The database stores user
data, logs, and results. AI modules utilize frameworks such as TensorFlow, Keras, or PyTorch for machine
learning tasks.
[Placeholder for architecture diagram]","/ Workflow:
1. Collect and preprocess data.
2. Develop frontend user interface.
3. Implement backend logic and database connectivity.
4. Integrate AI models for prediction, recognition, or recommendation tasks.
5. Conduct testing and debugging.
6. Deploy system on server or cloud platform.
[Placeholder for workflow diagram]",":
- Real-time operation and response.
- User-friendly interface and dashboards.
- Accurate processing and automated reporting.
- Notifications and alerts.
- Scalable system architecture for future expansion.",":
The system undergoes unit, integration, and system testing to ensure reliability and accuracy. Future
enhancements may include mobile application integration, multi-language support, cloud deployment,
enhanced AI models, and additional modules for specific user needs.",":
- ER Diagrams
- Flowcharts
- Screenshots and mockups
- Sample reports
- AI model architecture diagrams"
3,AI-Based Chatbot for Student Queries,":
This project is designed to address specific problems in computer science applications. It leverages modern
web technologies and AI to provide effective solutions. The system aims to automate tasks, improve
efficiency, and enhance user experience. Detailed modules are designed for scalability and maintainability,
ensuring the project can be adapted for various environments and requirements.",":
Traditional methods in this domain are often time-consuming, error-prone, or inefficient. There is a need for a
system that automates processes, provides real-time results, and reduces human intervention. The project aims
to fill this gap using advanced AI algorithms and web-based interfaces that are accessible and user-friendly.",":
1. Automate tasks in the relevant domain.
2. Improve accuracy and reduce errors.
3. Provide real-time reporting and monitoring.
4. Ensure accessibility via web-based platforms.
5. Implement scalable and maintainable system architecture.",":
Existing systems in this field include various manual and semi-automated methods, such as traditional web
applications, desktop-based solutions, and simple AI models. While effective to some extent, these approaches
lack full automation, real-time monitoring, or integration with modern AI techniques. This project builds upon
existing research, enhancing functionality and leveraging recent advancements in computer vision, NLP, and
deep learning.",":
The system comprises frontend, backend, database, and AI modules. The frontend is designed for user
interaction, built with HTML, CSS, and JavaScript. The backend handles data processing, API calls, and
integration with AI models, typically implemented using Python and Flask/Django. The database stores user
data, logs, and results. AI modules utilize frameworks such as TensorFlow, Keras, or PyTorch for machine
learning tasks.
[Placeholder for architecture diagram]","/ Workflow:
1. Collect and preprocess data.
2. Develop frontend user interface.
3. Implement backend logic and database connectivity.
4. Integrate AI models for prediction, recognition, or recommendation tasks.
5. Conduct testing and debugging.
6. Deploy system on server or cloud platform.
[Placeholder for workflow diagram]",":
- Real-time operation and response.
- User-friendly interface and dashboards.
- Accurate processing and automated reporting.
- Notifications and alerts.
- Scalable system architecture for future expansion.",":
The system undergoes unit, integration, and system testing to ensure reliability and accuracy. Future
enhancements may include mobile application integration, multi-language support, cloud deployment,
enhanced AI models, and additional modules for specific user needs.",":
- ER Diagrams
- Flowcharts
- Screenshots and mockups
- Sample reports
- AI model architecture diagrams"
4,Online Exam System with AI Proctoring,":
This project is designed to address specific problems in computer science applications. It leverages modern
web technologies and AI to provide effective solutions. The system aims to automate tasks, improve
efficiency, and enhance user experience. Detailed modules are designed for scalability and maintainability,
ensuring the project can be adapted for various environments and requirements.",":
Traditional methods in this domain are often time-consuming, error-prone, or inefficient. There is a need for a
system that automates processes, provides real-time results, and reduces human intervention. The project aims
to fill this gap using advanced AI algorithms and web-based interfaces that are accessible and user-friendly.",":
1. Automate tasks in the relevant domain.
2. Improve accuracy and reduce errors.
3. Provide real-time reporting and monitoring.
4. Ensure accessibility via web-based platforms.
5. Implement scalable and maintainable system architecture.",":
Existing systems in this field include various manual and semi-automated methods, such as traditional web
applications, desktop-based solutions, and simple AI models. While effective to some extent, these approaches
lack full automation, real-time monitoring, or integration with modern AI techniques. This project builds upon
existing research, enhancing functionality and leveraging recent advancements in computer vision, NLP, and
deep learning.",":
The system comprises frontend, backend, database, and AI modules. The frontend is designed for user
interaction, built with HTML, CSS, and JavaScript. The backend handles data processing, API calls, and
integration with AI models, typically implemented using Python and Flask/Django. The database stores user
data, logs, and results. AI modules utilize frameworks such as TensorFlow, Keras, or PyTorch for machine
learning tasks.
[Placeholder for architecture diagram]","/ Workflow:
1. Collect and preprocess data.
2. Develop frontend user interface.
3. Implement backend logic and database connectivity.
4. Integrate AI models for prediction, recognition, or recommendation tasks.
5. Conduct testing and debugging.
6. Deploy system on server or cloud platform.
[Placeholder for workflow diagram]",":
- Real-time operation and response.
- User-friendly interface and dashboards.
- Accurate processing and automated reporting.
- Notifications and alerts.
- Scalable system architecture for future expansion.",":
The system undergoes unit, integration, and system testing to ensure reliability and accuracy. Future
enhancements may include mobile application integration, multi-language support, cloud deployment,
enhanced AI models, and additional modules for specific user needs.",":
- ER Diagrams
- Flowcharts
- Screenshots and mockups
- Sample reports
- AI model architecture diagrams"
5,Recommendation System for E-Commerce,":
This project is designed to address specific problems in computer science applications. It leverages modern
web technologies and AI to provide effective solutions. The system aims to automate tasks, improve
efficiency, and enhance user experience. Detailed modules are designed for scalability and maintainability,
ensuring the project can be adapted for various environments and requirements.",":
Traditional methods in this domain are often time-consuming, error-prone, or inefficient. There is a need for a
system that automates processes, provides real-time results, and reduces human intervention. The project aims
to fill this gap using advanced AI algorithms and web-based interfaces that are accessible and user-friendly.",":
1. Automate tasks in the relevant domain.
2. Improve accuracy and reduce errors.
3. Provide real-time reporting and monitoring.
4. Ensure accessibility via web-based platforms.
5. Implement scalable and maintainable system architecture.",":
Existing systems in this field include various manual and semi-automated methods, such as traditional web
applications, desktop-based solutions, and simple AI models. While effective to some extent, these approaches
lack full automation, real-time monitoring, or integration with modern AI techniques. This project builds upon
existing research, enhancing functionality and leveraging recent advancements in computer vision, NLP, and
deep learning.",":
The system comprises frontend, backend, database, and AI modules. The frontend is designed for user
interaction, built with HTML, CSS, and JavaScript. The backend handles data processing, API calls, and
integration with AI models, typically implemented using Python and Flask/Django. The database stores user
data, logs, and results. AI modules utilize frameworks such as TensorFlow, Keras, or PyTorch for machine
learning tasks.
[Placeholder for architecture diagram]","/ Workflow:
1. Collect and preprocess data.
2. Develop frontend user interface.
3. Implement backend logic and database connectivity.
4. Integrate AI models for prediction, recognition, or recommendation tasks.
5. Conduct testing and debugging.
6. Deploy system on server or cloud platform.
[Placeholder for workflow diagram]",":
- Real-time operation and response.
- User-friendly interface and dashboards.
- Accurate processing and automated reporting.
- Notifications and alerts.
- Scalable system architecture for future expansion.",":
The system undergoes unit, integration, and system testing to ensure reliability and accuracy. Future
enhancements may include mobile application integration, multi-language support, cloud deployment,
enhanced AI models, and additional modules for specific user needs.",":
- ER Diagrams
- Flowcharts
- Screenshots and mockups
- Sample reports
- AI model architecture diagrams"
6,AI-Powered News Summarizer,":
This project is designed to address specific problems in computer science applications. It leverages modern
web technologies and AI to provide effective solutions. The system aims to automate tasks, improve
efficiency, and enhance user experience. Detailed modules are designed for scalability and maintainability,
ensuring the project can be adapted for various environments and requirements.",":
Traditional methods in this domain are often time-consuming, error-prone, or inefficient. There is a need for a
system that automates processes, provides real-time results, and reduces human intervention. The project aims
to fill this gap using advanced AI algorithms and web-based interfaces that are accessible and user-friendly.",":
1. Automate tasks in the relevant domain.
2. Improve accuracy and reduce errors.
3. Provide real-time reporting and monitoring.
4. Ensure accessibility via web-based platforms.
5. Implement scalable and maintainable system architecture.",":
Existing systems in this field include various manual and semi-automated methods, such as traditional web
applications, desktop-based solutions, and simple AI models. While effective to some extent, these approaches
lack full automation, real-time monitoring, or integration with modern AI techniques. This project builds upon
existing research, enhancing functionality and leveraging recent advancements in computer vision, NLP, and
deep learning.",":
The system comprises frontend, backend, database, and AI modules. The frontend is designed for user
interaction, built with HTML, CSS, and JavaScript. The backend handles data processing, API calls, and
integration with AI models, typically implemented using Python and Flask/Django. The database stores user
data, logs, and results. AI modules utilize frameworks such as TensorFlow, Keras, or PyTorch for machine
learning tasks.
[Placeholder for architecture diagram]","/ Workflow:
1. Collect and preprocess data.
2. Develop frontend user interface.
3. Implement backend logic and database connectivity.
4. Integrate AI models for prediction, recognition, or recommendation tasks.
5. Conduct testing and debugging.
6. Deploy system on server or cloud platform.
[Placeholder for workflow diagram]",":
- Real-time operation and response.
- User-friendly interface and dashboards.
- Accurate processing and automated reporting.
- Notifications and alerts.
- Scalable system architecture for future expansion.",":
The system undergoes unit, integration, and system testing to ensure reliability and accuracy. Future
enhancements may include mobile application integration, multi-language support, cloud deployment,
enhanced AI models, and additional modules for specific user needs.",":
- ER Diagrams
- Flowcharts
- Screenshots and mockups
- Sample reports
- AI model architecture diagrams"
7,Online Food Ordering System,":
This project is designed to address specific problems in computer science applications. It leverages modern
web technologies and AI to provide effective solutions. The system aims to automate tasks, improve
efficiency, and enhance user experience. Detailed modules are designed for scalability and maintainability,
ensuring the project can be adapted for various environments and requirements.",":
Traditional methods in this domain are often time-consuming, error-prone, or inefficient. There is a need for a
system that automates processes, provides real-time results, and reduces human intervention. The project aims
to fill this gap using advanced AI algorithms and web-based interfaces that are accessible and user-friendly.",":
1. Automate tasks in the relevant domain.
2. Improve accuracy and reduce errors.
3. Provide real-time reporting and monitoring.
4. Ensure accessibility via web-based platforms.
5. Implement scalable and maintainable system architecture.",":
Existing systems in this field include various manual and semi-automated methods, such as traditional web
applications, desktop-based solutions, and simple AI models. While effective to some extent, these approaches
lack full automation, real-time monitoring, or integration with modern AI techniques. This project builds upon
existing research, enhancing functionality and leveraging recent advancements in computer vision, NLP, and
deep learning.",":
The system comprises frontend, backend, database, and AI modules. The frontend is designed for user
interaction, built with HTML, CSS, and JavaScript. The backend handles data processing, API calls, and
integration with AI models, typically implemented using Python and Flask/Django. The database stores user
data, logs, and results. AI modules utilize frameworks such as TensorFlow, Keras, or PyTorch for machine
learning tasks.
[Placeholder for architecture diagram]","/ Workflow:
1. Collect and preprocess data.
2. Develop frontend user interface.
3. Implement backend logic and database connectivity.
4. Integrate AI models for prediction, recognition, or recommendation tasks.
5. Conduct testing and debugging.
6. Deploy system on server or cloud platform.
[Placeholder for workflow diagram]",":
- Real-time operation and response.
- User-friendly interface and dashboards.
- Accurate processing and automated reporting.
- Notifications and alerts.
- Scalable system architecture for future expansion.",":
The system undergoes unit, integration, and system testing to ensure reliability and accuracy. Future
enhancements may include mobile application integration, multi-language support, cloud deployment,
enhanced AI models, and additional modules for specific user needs.",":
- ER Diagrams
- Flowcharts
- Screenshots and mockups
- Sample reports
- AI model architecture diagrams"
8,AI-Based Handwriting Recognition,":
This project is designed to address specific problems in computer science applications. It leverages modern
web technologies and AI to provide effective solutions. The system aims to automate tasks, improve
efficiency, and enhance user experience. Detailed modules are designed for scalability and maintainability,
ensuring the project can be adapted for various environments and requirements.",":
Traditional methods in this domain are often time-consuming, error-prone, or inefficient. There is a need for a
system that automates processes, provides real-time results, and reduces human intervention. The project aims
to fill this gap using advanced AI algorithms and web-based interfaces that are accessible and user-friendly.",":
1. Automate tasks in the relevant domain.
2. Improve accuracy and reduce errors.
3. Provide real-time reporting and monitoring.
4. Ensure accessibility via web-based platforms.
5. Implement scalable and maintainable system architecture.",":
Existing systems in this field include various manual and semi-automated methods, such as traditional web
applications, desktop-based solutions, and simple AI models. While effective to some extent, these approaches
lack full automation, real-time monitoring, or integration with modern AI techniques. This project builds upon
existing research, enhancing functionality and leveraging recent advancements in computer vision, NLP, and
deep learning.",":
The system comprises frontend, backend, database, and AI modules. The frontend is designed for user
interaction, built with HTML, CSS, and JavaScript. The backend handles data processing, API calls, and
integration with AI models, typically implemented using Python and Flask/Django. The database stores user
data, logs, and results. AI modules utilize frameworks such as TensorFlow, Keras, or PyTorch for machine
learning tasks.
[Placeholder for architecture diagram]","/ Workflow:
1. Collect and preprocess data.
2. Develop frontend user interface.
3. Implement backend logic and database connectivity.
4. Integrate AI models for prediction, recognition, or recommendation tasks.
5. Conduct testing and debugging.
6. Deploy system on server or cloud platform.
[Placeholder for workflow diagram]",":
- Real-time operation and response.
- User-friendly interface and dashboards.
- Accurate processing and automated reporting.
- Notifications and alerts.
- Scalable system architecture for future expansion.",":
The system undergoes unit, integration, and system testing to ensure reliability and accuracy. Future
enhancements may include mobile application integration, multi-language support, cloud deployment,
enhanced AI models, and additional modules for specific user needs.",":
- ER Diagrams
- Flowcharts
- Screenshots and mockups
- Sample reports
- AI model architecture diagrams"
9,Online Job Portal with AI Resume Matching,":
This project is designed to address specific problems in computer science applications. It leverages modern
web technologies and AI to provide effective solutions. The system aims to automate tasks, improve
efficiency, and enhance user experience. Detailed modules are designed for scalability and maintainability,
ensuring the project can be adapted for various environments and requirements.",":
Traditional methods in this domain are often time-consuming, error-prone, or inefficient. There is a need for a
system that automates processes, provides real-time results, and reduces human intervention. The project aims
to fill this gap using advanced AI algorithms and web-based interfaces that are accessible and user-friendly.",":
1. Automate tasks in the relevant domain.
2. Improve accuracy and reduce errors.
3. Provide real-time reporting and monitoring.
4. Ensure accessibility via web-based platforms.
5. Implement scalable and maintainable system architecture.",":
Existing systems in this field include various manual and semi-automated methods, such as traditional web
applications, desktop-based solutions, and simple AI models. While effective to some extent, these approaches
lack full automation, real-time monitoring, or integration with modern AI techniques. This project builds upon
existing research, enhancing functionality and leveraging recent advancements in computer vision, NLP, and
deep learning.",":
The system comprises frontend, backend, database, and AI modules. The frontend is designed for user
interaction, built with HTML, CSS, and JavaScript. The backend handles data processing, API calls, and
integration with AI models, typically implemented using Python and Flask/Django. The database stores user
data, logs, and results. AI modules utilize frameworks such as TensorFlow, Keras, or PyTorch for machine
learning tasks.
[Placeholder for architecture diagram]","/ Workflow:
1. Collect and preprocess data.
2. Develop frontend user interface.
3. Implement backend logic and database connectivity.
4. Integrate AI models for prediction, recognition, or recommendation tasks.
5. Conduct testing and debugging.
6. Deploy system on server or cloud platform.
[Placeholder for workflow diagram]",":
- Real-time operation and response.
- User-friendly interface and dashboards.
- Accurate processing and automated reporting.
- Notifications and alerts.
- Scalable system architecture for future expansion.",":
The system undergoes unit, integration, and system testing to ensure reliability and accuracy. Future
enhancements may include mobile application integration, multi-language support, cloud deployment,
enhanced AI models, and additional modules for specific user needs.",":
- ER Diagrams
- Flowcharts
- Screenshots and mockups
- Sample reports
- AI model architecture diagrams"
10,AI-Based Traffic Sign Recognition System,":
This project is designed to address specific problems in computer science applications. It leverages modern
web technologies and AI to provide effective solutions. The system aims to automate tasks, improve
efficiency, and enhance user experience. Detailed modules are designed for scalability and maintainability,
ensuring the project can be adapted for various environments and requirements.",":
Traditional methods in this domain are often time-consuming, error-prone, or inefficient. There is a need for a
system that automates processes, provides real-time results, and reduces human intervention. The project aims
to fill this gap using advanced AI algorithms and web-based interfaces that are accessible and user-friendly.",":
1. Automate tasks in the relevant domain.
2. Improve accuracy and reduce errors.
3. Provide real-time reporting and monitoring.
4. Ensure accessibility via web-based platforms.
5. Implement scalable and maintainable system architecture.",":
Existing systems in this field include various manual and semi-automated methods, such as traditional web
applications, desktop-based solutions, and simple AI models. While effective to some extent, these approaches
lack full automation, real-time monitoring, or integration with modern AI techniques. This project builds upon
existing research, enhancing functionality and leveraging recent advancements in computer vision, NLP, and
deep learning.",":
The system comprises frontend, backend, database, and AI modules. The frontend is designed for user
interaction, built with HTML, CSS, and JavaScript. The backend handles data processing, API calls, and
integration with AI models, typically implemented using Python and Flask/Django. The database stores user
data, logs, and results. AI modules utilize frameworks such as TensorFlow, Keras, or PyTorch for machine
learning tasks.
[Placeholder for architecture diagram]","/ Workflow:
1. Collect and preprocess data.
2. Develop frontend user interface.
3. Implement backend logic and database connectivity.
4. Integrate AI models for prediction, recognition, or recommendation tasks.
5. Conduct testing and debugging.
6. Deploy system on server or cloud platform.
[Placeholder for workflow diagram]",":
- Real-time operation and response.
- User-friendly interface and dashboards.
- Accurate processing and automated reporting.
- Notifications and alerts.
- Scalable system architecture for future expansion.",":
The system undergoes unit, integration, and system testing to ensure reliability and accuracy. Future
enhancements may include mobile application integration, multi-language support, cloud deployment,
enhanced AI models, and additional modules for specific user needs.",":
- ER Diagrams
- Flowcharts
- Screenshots and mockups
- Sample reports
- AI model architecture diagrams"
11,Online Voting System with Blockchain,":
This project is designed to address specific problems in computer science applications. It leverages modern
web technologies and AI to provide effective solutions. The system aims to automate tasks, improve
efficiency, and enhance user experience. Detailed modules are designed for scalability and maintainability,
ensuring the project can be adapted for various environments and requirements.",":
Traditional methods in this domain are often time-consuming, error-prone, or inefficient. There is a need for a
system that automates processes, provides real-time results, and reduces human intervention. The project aims
to fill this gap using advanced AI algorithms and web-based interfaces that are accessible and user-friendly.",":
1. Automate tasks in the relevant domain.
2. Improve accuracy and reduce errors.
3. Provide real-time reporting and monitoring.
4. Ensure accessibility via web-based platforms.
5. Implement scalable and maintainable system architecture.",":
Existing systems in this field include various manual and semi-automated methods, such as traditional web
applications, desktop-based solutions, and simple AI models. While effective to some extent, these approaches
lack full automation, real-time monitoring, or integration with modern AI techniques. This project builds upon
existing research, enhancing functionality and leveraging recent advancements in computer vision, NLP, and
deep learning.",":
The system comprises frontend, backend, database, and AI modules. The frontend is designed for user
interaction, built with HTML, CSS, and JavaScript. The backend handles data processing, API calls, and
integration with AI models, typically implemented using Python and Flask/Django. The database stores user
data, logs, and results. AI modules utilize frameworks such as TensorFlow, Keras, or PyTorch for machine
learning tasks.
[Placeholder for architecture diagram]","/ Workflow:
1. Collect and preprocess data.
2. Develop frontend user interface.
3. Implement backend logic and database connectivity.
4. Integrate AI models for prediction, recognition, or recommendation tasks.
5. Conduct testing and debugging.
6. Deploy system on server or cloud platform.
[Placeholder for workflow diagram]",":
- Real-time operation and response.
- User-friendly interface and dashboards.
- Accurate processing and automated reporting.
- Notifications and alerts.
- Scalable system architecture for future expansion.",":
The system undergoes unit, integration, and system testing to ensure reliability and accuracy. Future
enhancements may include mobile application integration, multi-language support, cloud deployment,
enhanced AI models, and additional modules for specific user needs.",":
- ER Diagrams
- Flowcharts
- Screenshots and mockups
- Sample reports
- AI model architecture diagrams"
12,AI-Based Sentiment Analysis Tool,":
This project is designed to address specific problems in computer science applications. It leverages modern
web technologies and AI to provide effective solutions. The system aims to automate tasks, improve
efficiency, and enhance user experience. Detailed modules are designed for scalability and maintainability,
ensuring the project can be adapted for various environments and requirements.",":
Traditional methods in this domain are often time-consuming, error-prone, or inefficient. There is a need for a
system that automates processes, provides real-time results, and reduces human intervention. The project aims
to fill this gap using advanced AI algorithms and web-based interfaces that are accessible and user-friendly.",":
1. Automate tasks in the relevant domain.
2. Improve accuracy and reduce errors.
3. Provide real-time reporting and monitoring.
4. Ensure accessibility via web-based platforms.
5. Implement scalable and maintainable system architecture.",":
Existing systems in this field include various manual and semi-automated methods, such as traditional web
applications, desktop-based solutions, and simple AI models. While effective to some extent, these approaches
lack full automation, real-time monitoring, or integration with modern AI techniques. This project builds upon
existing research, enhancing functionality and leveraging recent advancements in computer vision, NLP, and
deep learning.",":
The system comprises frontend, backend, database, and AI modules. The frontend is designed for user
interaction, built with HTML, CSS, and JavaScript. The backend handles data processing, API calls, and
integration with AI models, typically implemented using Python and Flask/Django. The database stores user
data, logs, and results. AI modules utilize frameworks such as TensorFlow, Keras, or PyTorch for machine
learning tasks.
[Placeholder for architecture diagram]","/ Workflow:
1. Collect and preprocess data.
2. Develop frontend user interface.
3. Implement backend logic and database connectivity.
4. Integrate AI models for prediction, recognition, or recommendation tasks.
5. Conduct testing and debugging.
6. Deploy system on server or cloud platform.
[Placeholder for workflow diagram]",":
- Real-time operation and response.
- User-friendly interface and dashboards.
- Accurate processing and automated reporting.
- Notifications and alerts.
- Scalable system architecture for future expansion.",":
The system undergoes unit, integration, and system testing to ensure reliability and accuracy. Future
enhancements may include mobile application integration, multi-language support, cloud deployment,
enhanced AI models, and additional modules for specific user needs.",":
- ER Diagrams
- Flowcharts
- Screenshots and mockups
- Sample reports
- AI model architecture diagrams"
13,Online Banking System,":
This project is designed to address specific problems in computer science applications. It leverages modern
web technologies and AI to provide effective solutions. The system aims to automate tasks, improve
efficiency, and enhance user experience. Detailed modules are designed for scalability and maintainability,
ensuring the project can be adapted for various environments and requirements.",":
Traditional methods in this domain are often time-consuming, error-prone, or inefficient. There is a need for a
system that automates processes, provides real-time results, and reduces human intervention. The project aims
to fill this gap using advanced AI algorithms and web-based interfaces that are accessible and user-friendly.",":
1. Automate tasks in the relevant domain.
2. Improve accuracy and reduce errors.
3. Provide real-time reporting and monitoring.
4. Ensure accessibility via web-based platforms.
5. Implement scalable and maintainable system architecture.",":
Existing systems in this field include various manual and semi-automated methods, such as traditional web
applications, desktop-based solutions, and simple AI models. While effective to some extent, these approaches
lack full automation, real-time monitoring, or integration with modern AI techniques. This project builds upon
existing research, enhancing functionality and leveraging recent advancements in computer vision, NLP, and
deep learning.",":
The system comprises frontend, backend, database, and AI modules. The frontend is designed for user
interaction, built with HTML, CSS, and JavaScript. The backend handles data processing, API calls, and
integration with AI models, typically implemented using Python and Flask/Django. The database stores user
data, logs, and results. AI modules utilize frameworks such as TensorFlow, Keras, or PyTorch for machine
learning tasks.
[Placeholder for architecture diagram]","/ Workflow:
1. Collect and preprocess data.
2. Develop frontend user interface.
3. Implement backend logic and database connectivity.
4. Integrate AI models for prediction, recognition, or recommendation tasks.
5. Conduct testing and debugging.
6. Deploy system on server or cloud platform.
[Placeholder for workflow diagram]",":
- Real-time operation and response.
- User-friendly interface and dashboards.
- Accurate processing and automated reporting.
- Notifications and alerts.
- Scalable system architecture for future expansion.",":
The system undergoes unit, integration, and system testing to ensure reliability and accuracy. Future
enhancements may include mobile application integration, multi-language support, cloud deployment,
enhanced AI models, and additional modules for specific user needs.",":
- ER Diagrams
- Flowcharts
- Screenshots and mockups
- Sample reports
- AI model architecture diagrams"
14,AI-Powered Image Caption Generator,":
This project is designed to address specific problems in computer science applications. It leverages modern
web technologies and AI to provide effective solutions. The system aims to automate tasks, improve
efficiency, and enhance user experience. Detailed modules are designed for scalability and maintainability,
ensuring the project can be adapted for various environments and requirements.",":
Traditional methods in this domain are often time-consuming, error-prone, or inefficient. There is a need for a
system that automates processes, provides real-time results, and reduces human intervention. The project aims
to fill this gap using advanced AI algorithms and web-based interfaces that are accessible and user-friendly.",":
1. Automate tasks in the relevant domain.
2. Improve accuracy and reduce errors.
3. Provide real-time reporting and monitoring.
4. Ensure accessibility via web-based platforms.
5. Implement scalable and maintainable system architecture.",":
Existing systems in this field include various manual and semi-automated methods, such as traditional web
applications, desktop-based solutions, and simple AI models. While effective to some extent, these approaches
lack full automation, real-time monitoring, or integration with modern AI techniques. This project builds upon
existing research, enhancing functionality and leveraging recent advancements in computer vision, NLP, and
deep learning.",":
The system comprises frontend, backend, database, and AI modules. The frontend is designed for user
interaction, built with HTML, CSS, and JavaScript. The backend handles data processing, API calls, and
integration with AI models, typically implemented using Python and Flask/Django. The database stores user
data, logs, and results. AI modules utilize frameworks such as TensorFlow, Keras, or PyTorch for machine
learning tasks.
[Placeholder for architecture diagram]","/ Workflow:
1. Collect and preprocess data.
2. Develop frontend user interface.
3. Implement backend logic and database connectivity.
4. Integrate AI models for prediction, recognition, or recommendation tasks.
5. Conduct testing and debugging.
6. Deploy system on server or cloud platform.
[Placeholder for workflow diagram]",":
- Real-time operation and response.
- User-friendly interface and dashboards.
- Accurate processing and automated reporting.
- Notifications and alerts.
- Scalable system architecture for future expansion.",":
The system undergoes unit, integration, and system testing to ensure reliability and accuracy. Future
enhancements may include mobile application integration, multi-language support, cloud deployment,
enhanced AI models, and additional modules for specific user needs.",":
- ER Diagrams
- Flowcharts
- Screenshots and mockups
- Sample reports
- AI model architecture diagrams"
15,E-Library Management System,":
This project is designed to address specific problems in computer science applications. It leverages modern
web technologies and AI to provide effective solutions. The system aims to automate tasks, improve
efficiency, and enhance user experience. Detailed modules are designed for scalability and maintainability,
ensuring the project can be adapted for various environments and requirements.",":
Traditional methods in this domain are often time-consuming, error-prone, or inefficient. There is a need for a
system that automates processes, provides real-time results, and reduces human intervention. The project aims
to fill this gap using advanced AI algorithms and web-based interfaces that are accessible and user-friendly.",":
1. Automate tasks in the relevant domain.
2. Improve accuracy and reduce errors.
3. Provide real-time reporting and monitoring.
4. Ensure accessibility via web-based platforms.
5. Implement scalable and maintainable system architecture.",":
Existing systems in this field include various manual and semi-automated methods, such as traditional web
applications, desktop-based solutions, and simple AI models. While effective to some extent, these approaches
lack full automation, real-time monitoring, or integration with modern AI techniques. This project builds upon
existing research, enhancing functionality and leveraging recent advancements in computer vision, NLP, and
deep learning.",":
The system comprises frontend, backend, database, and AI modules. The frontend is designed for user
interaction, built with HTML, CSS, and JavaScript. The backend handles data processing, API calls, and
integration with AI models, typically implemented using Python and Flask/Django. The database stores user
data, logs, and results. AI modules utilize frameworks such as TensorFlow, Keras, or PyTorch for machine
learning tasks.
[Placeholder for architecture diagram]","/ Workflow:
1. Collect and preprocess data.
2. Develop frontend user interface.
3. Implement backend logic and database connectivity.
4. Integrate AI models for prediction, recognition, or recommendation tasks.
5. Conduct testing and debugging.
6. Deploy system on server or cloud platform.
[Placeholder for workflow diagram]",":
- Real-time operation and response.
- User-friendly interface and dashboards.
- Accurate processing and automated reporting.
- Notifications and alerts.
- Scalable system architecture for future expansion.",":
The system undergoes unit, integration, and system testing to ensure reliability and accuracy. Future
enhancements may include mobile application integration, multi-language support, cloud deployment,
enhanced AI models, and additional modules for specific user needs.",":
- ER Diagrams
- Flowcharts
- Screenshots and mockups
- Sample reports
- AI model architecture diagrams"
16,AI-Powered Medical Diagnosis Assistant,":
This project is designed to address specific problems in computer science applications. It leverages modern
web technologies and AI to provide effective solutions. The system aims to automate tasks, improve
efficiency, and enhance user experience. Detailed modules are designed for scalability and maintainability,
ensuring the project can be adapted for various environments and requirements.",":
Traditional methods in this domain are often time-consuming, error-prone, or inefficient. There is a need for a
system that automates processes, provides real-time results, and reduces human intervention. The project aims
to fill this gap using advanced AI algorithms and web-based interfaces that are accessible and user-friendly.",":
1. Automate tasks in the relevant domain.
2. Improve accuracy and reduce errors.
3. Provide real-time reporting and monitoring.
4. Ensure accessibility via web-based platforms.
5. Implement scalable and maintainable system architecture.",":
Existing systems in this field include various manual and semi-automated methods, such as traditional web
applications, desktop-based solutions, and simple AI models. While effective to some extent, these approaches
lack full automation, real-time monitoring, or integration with modern AI techniques. This project builds upon
existing research, enhancing functionality and leveraging recent advancements in computer vision, NLP, and
deep learning.",":
The system comprises frontend, backend, database, and AI modules. The frontend is designed for user
interaction, built with HTML, CSS, and JavaScript. The backend handles data processing, API calls, and
integration with AI models, typically implemented using Python and Flask/Django. The database stores user
data, logs, and results. AI modules utilize frameworks such as TensorFlow, Keras, or PyTorch for machine
learning tasks.
[Placeholder for architecture diagram]","/ Workflow:
1. Collect and preprocess data.
2. Develop frontend user interface.
3. Implement backend logic and database connectivity.
4. Integrate AI models for prediction, recognition, or recommendation tasks.
5. Conduct testing and debugging.
6. Deploy system on server or cloud platform.
[Placeholder for workflow diagram]",":
- Real-time operation and response.
- User-friendly interface and dashboards.
- Accurate processing and automated reporting.
- Notifications and alerts.
- Scalable system architecture for future expansion.",":
The system undergoes unit, integration, and system testing to ensure reliability and accuracy. Future
enhancements may include mobile application integration, multi-language support, cloud deployment,
enhanced AI models, and additional modules for specific user needs.",":
- ER Diagrams
- Flowcharts
- Screenshots and mockups
- Sample reports
- AI model architecture diagrams"
17,Online Ticket Booking System,":
This project is designed to address specific problems in computer science applications. It leverages modern
web technologies and AI to provide effective solutions. The system aims to automate tasks, improve
efficiency, and enhance user experience. Detailed modules are designed for scalability and maintainability,
ensuring the project can be adapted for various environments and requirements.",":
Traditional methods in this domain are often time-consuming, error-prone, or inefficient. There is a need for a
system that automates processes, provides real-time results, and reduces human intervention. The project aims
to fill this gap using advanced AI algorithms and web-based interfaces that are accessible and user-friendly.",":
1. Automate tasks in the relevant domain.
2. Improve accuracy and reduce errors.
3. Provide real-time reporting and monitoring.
4. Ensure accessibility via web-based platforms.
5. Implement scalable and maintainable system architecture.",":
Existing systems in this field include various manual and semi-automated methods, such as traditional web
applications, desktop-based solutions, and simple AI models. While effective to some extent, these approaches
lack full automation, real-time monitoring, or integration with modern AI techniques. This project builds upon
existing research, enhancing functionality and leveraging recent advancements in computer vision, NLP, and
deep learning.",":
The system comprises frontend, backend, database, and AI modules. The frontend is designed for user
interaction, built with HTML, CSS, and JavaScript. The backend handles data processing, API calls, and
integration with AI models, typically implemented using Python and Flask/Django. The database stores user
data, logs, and results. AI modules utilize frameworks such as TensorFlow, Keras, or PyTorch for machine
learning tasks.
[Placeholder for architecture diagram]","/ Workflow:
1. Collect and preprocess data.
2. Develop frontend user interface.
3. Implement backend logic and database connectivity.
4. Integrate AI models for prediction, recognition, or recommendation tasks.
5. Conduct testing and debugging.
6. Deploy system on server or cloud platform.
[Placeholder for workflow diagram]",":
- Real-time operation and response.
- User-friendly interface and dashboards.
- Accurate processing and automated reporting.
- Notifications and alerts.
- Scalable system architecture for future expansion.",":
The system undergoes unit, integration, and system testing to ensure reliability and accuracy. Future
enhancements may include mobile application integration, multi-language support, cloud deployment,
enhanced AI models, and additional modules for specific user needs.",":
- ER Diagrams
- Flowcharts
- Screenshots and mockups
- Sample reports
- AI model architecture diagrams"
18,AI-Based Voice Assistant,":
This project is designed to address specific problems in computer science applications. It leverages modern
web technologies and AI to provide effective solutions. The system aims to automate tasks, improve
efficiency, and enhance user experience. Detailed modules are designed for scalability and maintainability,
ensuring the project can be adapted for various environments and requirements.",":
Traditional methods in this domain are often time-consuming, error-prone, or inefficient. There is a need for a
system that automates processes, provides real-time results, and reduces human intervention. The project aims
to fill this gap using advanced AI algorithms and web-based interfaces that are accessible and user-friendly.",":
1. Automate tasks in the relevant domain.
2. Improve accuracy and reduce errors.
3. Provide real-time reporting and monitoring.
4. Ensure accessibility via web-based platforms.
5. Implement scalable and maintainable system architecture.",":
Existing systems in this field include various manual and semi-automated methods, such as traditional web
applications, desktop-based solutions, and simple AI models. While effective to some extent, these approaches
lack full automation, real-time monitoring, or integration with modern AI techniques. This project builds upon
existing research, enhancing functionality and leveraging recent advancements in computer vision, NLP, and
deep learning.",":
The system comprises frontend, backend, database, and AI modules. The frontend is designed for user
interaction, built with HTML, CSS, and JavaScript. The backend handles data processing, API calls, and
integration with AI models, typically implemented using Python and Flask/Django. The database stores user
data, logs, and results. AI modules utilize frameworks such as TensorFlow, Keras, or PyTorch for machine
learning tasks.
[Placeholder for architecture diagram]","/ Workflow:
1. Collect and preprocess data.
2. Develop frontend user interface.
3. Implement backend logic and database connectivity.
4. Integrate AI models for prediction, recognition, or recommendation tasks.
5. Conduct testing and debugging.
6. Deploy system on server or cloud platform.
[Placeholder for workflow diagram]",":
- Real-time operation and response.
- User-friendly interface and dashboards.
- Accurate processing and automated reporting.
- Notifications and alerts.
- Scalable system architecture for future expansion.",":
The system undergoes unit, integration, and system testing to ensure reliability and accuracy. Future
enhancements may include mobile application integration, multi-language support, cloud deployment,
enhanced AI models, and additional modules for specific user needs.",":
- ER Diagrams
- Flowcharts
- Screenshots and mockups
- Sample reports
- AI model architecture diagrams"
19,Online Portfolio Builder,":
This project is designed to address specific problems in computer science applications. It leverages modern
web technologies and AI to provide effective solutions. The system aims to automate tasks, improve
efficiency, and enhance user experience. Detailed modules are designed for scalability and maintainability,
ensuring the project can be adapted for various environments and requirements.",":
Traditional methods in this domain are often time-consuming, error-prone, or inefficient. There is a need for a
system that automates processes, provides real-time results, and reduces human intervention. The project aims
to fill this gap using advanced AI algorithms and web-based interfaces that are accessible and user-friendly.",":
1. Automate tasks in the relevant domain.
2. Improve accuracy and reduce errors.
3. Provide real-time reporting and monitoring.
4. Ensure accessibility via web-based platforms.
5. Implement scalable and maintainable system architecture.",":
Existing systems in this field include various manual and semi-automated methods, such as traditional web
applications, desktop-based solutions, and simple AI models. While effective to some extent, these approaches
lack full automation, real-time monitoring, or integration with modern AI techniques. This project builds upon
existing research, enhancing functionality and leveraging recent advancements in computer vision, NLP, and
deep learning.",":
The system comprises frontend, backend, database, and AI modules. The frontend is designed for user
interaction, built with HTML, CSS, and JavaScript. The backend handles data processing, API calls, and
integration with AI models, typically implemented using Python and Flask/Django. The database stores user
data, logs, and results. AI modules utilize frameworks such as TensorFlow, Keras, or PyTorch for machine
learning tasks.
[Placeholder for architecture diagram]","/ Workflow:
1. Collect and preprocess data.
2. Develop frontend user interface.
3. Implement backend logic and database connectivity.
4. Integrate AI models for prediction, recognition, or recommendation tasks.
5. Conduct testing and debugging.
6. Deploy system on server or cloud platform.
[Placeholder for workflow diagram]",":
- Real-time operation and response.
- User-friendly interface and dashboards.
- Accurate processing and automated reporting.
- Notifications and alerts.
- Scalable system architecture for future expansion.",":
The system undergoes unit, integration, and system testing to ensure reliability and accuracy. Future
enhancements may include mobile application integration, multi-language support, cloud deployment,
enhanced AI models, and additional modules for specific user needs.",":
- ER Diagrams
- Flowcharts
- Screenshots and mockups
- Sample reports
- AI model architecture diagrams"
20,AI-Powered Fraud Detection System,":
This project is designed to address specific problems in computer science applications. It leverages modern
web technologies and AI to provide effective solutions. The system aims to automate tasks, improve
efficiency, and enhance user experience. Detailed modules are designed for scalability and maintainability,
ensuring the project can be adapted for various environments and requirements.",":
Traditional methods in this domain are often time-consuming, error-prone, or inefficient. There is a need for a
system that automates processes, provides real-time results, and reduces human intervention. The project aims
to fill this gap using advanced AI algorithms and web-based interfaces that are accessible and user-friendly.",":
1. Automate tasks in the relevant domain.
2. Improve accuracy and reduce errors.
3. Provide real-time reporting and monitoring.
4. Ensure accessibility via web-based platforms.
5. Implement scalable and maintainable system architecture.",":
Existing systems in this field include various manual and semi-automated methods, such as traditional web
applications, desktop-based solutions, and simple AI models. While effective to some extent, these approaches
lack full automation, real-time monitoring, or integration with modern AI techniques. This project builds upon
existing research, enhancing functionality and leveraging recent advancements in computer vision, NLP, and
deep learning.",":
The system comprises frontend, backend, database, and AI modules. The frontend is designed for user
interaction, built with HTML, CSS, and JavaScript. The backend handles data processing, API calls, and
integration with AI models, typically implemented using Python and Flask/Django. The database stores user
data, logs, and results. AI modules utilize frameworks such as TensorFlow, Keras, or PyTorch for machine
learning tasks.
[Placeholder for architecture diagram]","/ Workflow:
1. Collect and preprocess data.
2. Develop frontend user interface.
3. Implement backend logic and database connectivity.
4. Integrate AI models for prediction, recognition, or recommendation tasks.
5. Conduct testing and debugging.
6. Deploy system on server or cloud platform.
[Placeholder for workflow diagram]",":
- Real-time operation and response.
- User-friendly interface and dashboards.
- Accurate processing and automated reporting.
- Notifications and alerts.
- Scalable system architecture for future expansion.",":
The system undergoes unit, integration, and system testing to ensure reliability and accuracy. Future
enhancements may include mobile application integration, multi-language support, cloud deployment,
enhanced AI models, and additional modules for specific user needs.",":
- ER Diagrams
- Flowcharts
- Screenshots and mockups
- Sample reports
- AI model architecture diagrams"
